,hashtags
0,Brrosies
1,river
2,environmentnews
3,clinicaltrials
4,TitanKrios
5,politicsoflistening
6,Refugees
7,MedEd
8,T1D
9,indigenoushealth
10,nanosciweek
11,clinical
12,livedexperience
13,OffshoreWind
14,GreyNomads
15,Alzheimer
16,HTA
17,universitysa
18,nationalscienceweek
19,NETcancer
20,disarmunis
21,commute
22,banking
23,agriculture
24,deprescribing
25,City2Surf
26,Science4Seniors
27,agedcare
28,CTN18
29,technology
30,crystalMeth
31,collaborated
32,TownGownZA
33,LowSES
34,springst
35,melbourne
36,LargeBrownSpittingCobra
37,epharma
38,AtoZQldScience
39,IDMHRT18
40,merger
41,optometrist
42,International
43,IMNIS
44,Tech
45,puberty
46,venom
47,Fracking
48,Esophagus
49,OA
50,cfconf2018
51,DVTech18
52,adolescence
53,RadOnc
54,healthlaw
55,dinosaurs
56,science
57,SAHMRI
58,Leadership
59,cbrn
60,Heidegger
61,LSFM18
62,mosquitocontrol
63,IR
64,disclosure
65,collaborative
66,unpaywall
67,sportscardiology
68,scholarship
69,mentalist
70,UOWTV
71,researchassistant
72,students
73,Fellowship
74,Collaboration
75,HealthGuru
76,ewingsarcoma
77,PhDchat
78,Jobs
79,TeamCentenary
80,diabetes
81,SAScienceAwards
82,CaxTx
83,moderatedrinking
84,placementlearning
85,fellowships
86,Rstats
87,BrainMetastasis
88,earlycareer
89,surveillance
90,garvanseminar
91,aabill
92,regenerative_medicine
93,PHN
94,passion
95,nswpol
96,ausmedicine
97,IHBI
98,medtech
99,bleaching
100,MosquitoDay
101,CaMolDx
102,uq
103,ultrasound
104,RTPM
105,AnUncommonHistory
106,westernblot
107,corneal
108,STEMis4me
109,antibodies
110,Autism
111,womeninSTEMM
112,MVP
113,postgraduate
114,GenV
115,mediapitch
116,amsi
117,wildoz
118,MonsantoLies
119,artinscience
120,Alzheimers
121,SoutheastAsia
122,Meningococcal
123,EndOfLife
124,BrainMetastases
125,Children
126,metoo
127,Imaging
128,preterm
129,adelaide
130,Medical
131,HEALTHCAM2018
132,ZionsBanker
133,volunteering
134,Eye
135,Rumination
136,Research
137,rapport
138,ISDS
139,ConversationEDU
140,ADifferentLens
141,aussieED
142,koala
143,HealthTech
144,ECEC
145,HunterBiz
146,visualart
147,lipid
148,productivity
149,medicine
150,socialJ
151,simulation
152,ClimateChangeIsReal
153,UWA
154,westmead
155,pathology
156,politas
157,Antarctica
158,respiratory
159,Sustainable
160,immune
161,reducebloodpressure
162,OneInFive
163,Moodle
164,AugmentedReality
165,prostatecancer
166,eAssessment
167,Latrobe
168,hdrstudentconf
169,HappyWeekend
170,IHBIAdvances
171,masters
172,BankingRC
173,PhD
174,latrobeuni
175,StopAVN
176,MaterResearch
177,ectoparasites
178,pancreaticcancer
179,Immunotherapy
180,openday
181,lockoutlockheed
182,placedbasedmethodologies
183,Job
184,VR
185,bodyimage
186,healthscience
187,mentor
188,PM
189,Quantum
190,artofscience
191,Impedance
192,innovation
193,WomenInSurgery
194,OzHist
195,oakleigh
196,staff
197,usyd
198,MootAU18
199,viaFAC
200,palliativecare
201,keynote
202,UTS
203,GreatBarrierReef
204,assistiveproducts
205,uow
206,ArtOfScience
207,Cut
208,Antiproliferative
209,wetland
210,healthequity
211,Inflammation
212,Bangladesh
213,cybersecurity
214,BigData
215,WINNews6pm
216,MBSReview
217,HDR
218,ChronicWounds
219,primaryhealthcare
220,utasopenday2018
221,roadsafety
222,CancerResearch
223,WomenInSTEM
224,StLucia
225,RenewableEnergy
226,oldgovernmenthouse
227,StudentEquity
228,expliciteducators
229,genomeediting
230,monash
231,DRIVING
232,boxing
233,remotesensing
234,myhealthrecord
235,AustralianMedicalCouncil
236,homelessness
237,Health
238,burns
239,ARCNetworkMessage
240,MyHealthRecord
241,entrepreneurship
242,cardiovascular
243,HealthcareIT
244,DravetSyndrome
245,leader
246,GPCR
247,privacy
248,cannabis
249,Nanomedicine
250,HRIM
251,qldscience
252,arctic
253,school
254,CommDis
255,IHBIInspires2018
256,schistosomiasis
257,traditional
258,nonprofit
259,womeninscience
260,drugs
261,stormwater
262,cfDNA
263,LahiruRussell
264,ResearchTuesdays
265,precisionmedicine
266,ADFA
267,LetsOutsmartCancer
268,gamification
269,scicomm
270,impact
271,Finland
272,physical
273,intellectualdisability
274,ImpactReport
275,genomics
276,STEMM
277,FeedingStyle
278,medicalresearch
279,inspirational
280,Engineering
281,engagedscholarship
282,anu
283,Entrepreneurs
284,cleantech
285,healthpolicy
286,student
287,Tamworth
288,job
289,UniInTheBrewery
290,mentalhealth
291,surgery
292,QUTGivingDay
293,communicationaccess
294,utas
295,SkinCancer
296,bloodvessels
297,multidisciplinary
298,booksnotbombs
299,R
300,ekka2018
301,pfas
302,ResearchAction18
303,biology
304,cxozetaris
305,AcaWriter
306,regulation
307,encryption
308,herpes
309,Professor
310,SnackIntake
311,3Dprinted
312,TEDxMelbourne
313,cardiovasculardisease
314,PHST2018
315,speaker
316,MCCRSA
317,MechanicalEngineering
318,Parkinsons
319,Disability
320,startup
321,WWWeek
322,RiskAssessment
323,China
324,CheckpointInhibitors
325,CitizenScience
326,domesticviolence
327,ConnectedVehicles
328,ageing
329,sydneyuni
330,tourism
331,wounds
332,UoMWiki
333,hypertension
334,pickmyproject
335,sleep
336,uaopenday
337,QPEN
338,pollution
339,sustainability
340,ImmunoOnc
341,wespeechies
342,ACSNSW
343,kidsfirst
344,future_therapies
345,laboratory
346,canberra
347,skin
348,liver
349,knowledge
350,VYT2018
351,urgentcare
352,Canberra
353,ParkvilleOpenDay
354,Nivolumab
355,HealthAdvocatePodcast
356,WomenInSTEMM
357,suicideprevention
358,StudyInAustralia
359,University
360,PublicHealth
361,ScienceCareer
362,bioinformatician
363,OZ
364,environmental
365,3D
366,UAOpenDay
367,SciComm
368,CycleToWorkDay
369,Melanoma
370,VRed
371,information
372,WomenandCJS
373,evidencebasedpractise
374,grant
375,sydneysciencefestival
376,PLM
377,marketing
378,midwifery
379,scienceofus
380,hcsm
381,teachers
382,CSPempowers
383,GCI_MACH
384,ice
385,uniofadelaide
386,drone
387,RealHealthMatters
388,DistinguishedVisitorLecture
389,chlamydia
390,NDARCSymposium
391,PalliativeCare
392,JMP
393,MELANOMA
394,UnimelbHealth
395,UTSFASS
396,alcoholawareness
397,Birdwatching
398,cocktails
399,AustralianAboriginalStudies
400,mindfullness
401,Ipilimumab
402,instagood
403,Robotics
404,NorthernLine
405,Policy
406,ArtofScience
407,NTD
408,Melsm
409,scientists
410,VH18
411,physiology
412,brain
413,madrid
414,DNA
415,ACPNS
416,Endoflifecare
417,UniMelb
418,SAscienceAwards
419,university
420,UniversityPartner
421,MRI
422,HSV
423,SoNM
424,Manometry
425,researchers
426,DomesticViolence
427,antibioticresistance
428,UQ
429,ChangeIt
430,stroke
431,future
432,UofA
433,NHS
434,resilience
435,DreamLab
436,VAD
437,gulfmc
438,NEG
439,geneediting
440,environment
441,zetaris
442,westpacscholar
443,HigherEd
444,Travel
445,sciart
446,BTSM
447,Funding
448,breastcancer
449,wargaming
450,yts2018
451,lipidomics
452,OpenDay
453,feedingaus
454,S100
455,Eureka18
456,SpaceEthics
457,QUTBusiness
458,discrimination
459,Indonesia
460,destination
461,backpain
462,movemore
463,TargetedTherapy
464,women
465,SCRAMJET
466,unsw
467,Adelaide
468,ataxias
469,qldpol
470,helium
471,researcher
472,CIMIA
473,collaborators
474,cyber
475,humerus
476,Midwifery
477,usydopenday
478,Mobile
479,Academia
480,GastroesophagealReflux
481,PTSD
482,KingCobra
483,change
484,mhealth
485,aphasia
486,Sciart
487,regional
488,generalpractice
489,healthcare
490,cat
491,KeralaFloods
492,QIMRBerghofer
493,familieshelpingfamilies
494,diabetics
495,waronmaths
496,pdhlife
497,trade
498,researchtranslation
499,OnlineHarassment
500,Kyabram
501,soar
502,snowflakes
503,Biomimetics
504,futureinhealth
505,OCD
506,rPATD
507,AcademicLife
508,dog
509,ETP18
510,ASCO18
511,prostate_cancer
512,Western
513,Bendigo
514,aboriginal
515,entrepreneur
516,binfjobs
517,stitch
518,pallcare
519,MonashOpenDay
520,LTU3MT
521,Antiangiogenic
522,Disgrace
523,ScienceOfUs
524,alliedhealth
525,Pacific
526,QUTOAA
527,Mqopenday
528,gradcert
529,Go8
530,lturesearch
531,futureofhealth
532,melanoma
533,apartment
534,ICYMI
535,nursingreview
536,OpenDays
537,WHRN18
538,Biomarkers
539,grantseeking
540,imaging
541,cheers
542,Irrigation
543,malaria
544,NoFrills2018
545,bankingRC
546,PreventionHub
547,ROSAResearch
548,citizenscience
549,Antimetastatic
550,rlweek2018
551,UniMelbOpenDay
552,AdolescentHealth
553,Myer
554,bioethics
555,highered
556,cyberstorm
557,addiction
558,alumni
559,uwa
560,COYS
561,climate
562,sciencecommunication
563,nmp
564,Biocompatibility
565,product
566,fleas
567,GATE
568,Low
569,Mentalhealth
570,Metastasis
571,learning
572,iAccelerate
573,fairfundingnow
574,minerals
575,GPUs
576,Type1Diabetes
577,triplepill
578,ruralhealth
579,datavis
580,heatwave
581,AHMS
582,Regional
583,futurechangemaker
584,researchlife
585,DefendCordillera
586,veterinary
587,hiring
588,modify18
589,worldneedsnew
590,CareerArc
591,NSVW
592,agricultural
593,natives
594,TLCitycat
595,IP
596,neuroscience
597,ozearlyed
598,Venetoclax
599,LaTrobe
600,Brisbane
601,treatment
602,postdocjobsaus
603,ihbiinspires2018
604,sdoh
605,Xmen
606,stemcell
607,60mins
608,collaboration
609,space
610,bones
611,interdisciplinary
612,natsciwk
613,GarvanSeminar
614,NatSciWk
615,musicscience
616,sueellerywhohasblocked
617,Zika
618,MSc
619,Melbourne
620,healthy
621,SafeScript
622,design
623,JLRGIVES5
624,Rockhampton
625,ESPEN2018
626,immunoprecipitation
627,cells
628,Illawarra
629,judging
630,bonebiology
631,datajustice
632,paste
633,OvarianCancer
634,FreeSpeechForAll
635,Great
636,assisteddying
637,robotics
638,NCDs
639,anxiety
640,Hiring
641,auslaw
642,SKCSM
643,stories
644,superbugs
645,healthboxstories
646,research
647,engineering
648,adolescent
649,gender
650,ausinnovation
651,epilepsy
652,ehealth
653,medical
654,conference
655,healtheconomics
656,LLTT
657,allkindsofclever
658,cancerresearch
659,foodsecurity
660,biosecurity
661,gippsnews
662,STEM
663,SixIncredibleThingsBeforeBreakfast
664,Tasmania
665,AUSpol
666,children
667,Vietnam
668,lifelonglearning
669,DarthVader
670,digitalhealth
671,snip
672,WorkIntegratedLearning
673,VirtualReefDiver
674,monashlens
675,honours
676,HonestGoodness
677,Nurses
678,CBGL
679,obesity
680,equity
681,AustraliaAwards
682,antibody
683,Australian
684,monashuni
685,socialrobots
686,WeAreIHBI
687,ScienceWeek
688,GPTEC2018
689,thefutureisbright
690,ALM4
691,endTB
692,EsophagogastricJunction
693,ortho
694,linguistics
695,JORC
696,internationalimpact
697,Government
698,coral
699,healthsecurity
700,FOBITas
701,Dementia
702,Aphasia
703,ticks
704,openaccess
705,policy
706,scienceweek
707,ABSS2018
708,LTUsuaw
709,PlasticPollution
710,education
711,life
712,APEC2018
713,IT
714,Genetics
715,MyAsialink
716,ebm
717,Apoptotic
718,OCHRE
719,arthritis
720,hospitality
721,dementia
722,EOL
723,MentalHealth
724,nanoparticle
725,graffiti
726,scifri
727,grad
728,agility
729,UnimelbOpenDay
730,SPRF
731,FASD
732,supercomputer
733,UrbanUniversity
734,IGA
735,metastasis
736,iron
737,igers
738,BRAF
739,cancertherapy
740,banksy
741,Aboriginalaffairs
742,Queensland
743,peerobservation
744,OncoRad
745,malnutrition
746,CNBP
747,UTSInternationalStudies
748,ProstateCancer
749,cancer
750,Anandamide
751,SciArt
752,foodinnovation
753,osteoporosis
754,DrugTrends
755,Westmead
756,medicalreaearch
757,QUT
758,foodallergy
759,auspol
760,MultipleSclerosis
761,sharks
762,aussie
763,Healthcare
764,nursing
765,birdsong
766,BoneHealth
767,qutvenuecollection
768,health
769,biosensor
770,alliedhealthcare
771,OpenAccess
772,AI
773,Labyrinth
774,ovariancancer
775,climatechange
776,Careers
777,Pediatrics
778,UTSOpenDay
779,CRISPR
780,hope
781,ComputerScience
782,TerimaKasih
783,futurecolleagues
784,3DPrinting
785,stickinsects
786,corneas
787,medicalresearchworks
788,Unlimited
789,disability
790,educators
791,LISH18
792,UOWInnov18
793,AfternoonTeaWeek
794,CSG
795,Magazine
796,ASIO
797,ESG
798,WeAreWestminster
799,DiseaseMonitoring
800,academia
801,kidshealth
802,UniSAOpenDay
803,depression
804,travellers
805,mental
806,MND
807,NHMRC
808,telecommunication
809,proflexdoyle
810,MHR
811,Crispr
812,MonashLens
813,crossdisciplinary
814,Australia
815,Sydney
816,software
817,cancerous
818,Aboriginal
819,pracademic
820,biotech
821,NationalScienceWeek
822,ECRchat
823,TallPoppy
824,Entrepreneurship
825,UniSA3MT
826,TLAlert
827,Lecturer
828,prevention
829,ICID2018
830,energy
831,holiday
832,worldleaders
833,nhmrc
834,citizenscientists
835,LEW2018
836,mqopenday2018
837,MeningococcalB
838,LabSpec
839,WhyWomenDrink
840,whendidigetold
841,SPWeek
842,CancerImaging
843,hackathon
844,fire
845,unimelb
846,renewable
847,IHBIinspires2018
848,UnimelbPursuit
849,mining
850,CHANGEIT
851,Skcsm
852,primarycare
853,infosec
854,Fedsquare
855,CovertControl
856,Flinders
857,finance
858,lamington
859,microbiology
860,Nursing
861,Dysphagia
862,offshore
