,index,counts
125,usyd,182
452,sydneyuni,180
625,uq,180
717,unimelb,180
33,research,105
513,uniofadelaide,104
802,uwa,100
235,PhD,37
323,aabill,36
252,WWWeek,34
99,UnimelbOpenDay,29
662,remotesensing,27
520,drone,27
18,scienceweek,25
367,NatSciWk,25
472,monashuni,22
163,monash,22
109,openday,22
581,citizenscientists,22
53,auspol,20
855,Go8,20
824,unsw,20
852,anu,20
359,Aphasia,19
62,scientists,18
222,UQ,18
49,Australia,18
21,ScienceWeek,17
362,AustralianAboriginalStudies,16
93,innovation,14
329,DomesticViolence,14
41,health,14
100,UniMelbOpenDay,14
554,Tech,14
683,DVTech18,14
44,NHMRC,13
3,QIMRBerghofer,12
17,womeninSTEMM,12
197,collaborated,12
328,QUT,12
240,Alzheimer,11
171,cybersecurity,11
79,stemcell,11
144,VH18,11
190,Health,11
94,cancer,10
110,rlweek2018,10
174,robotics,10
518,nursing,10
274,birdsong,9
2,MELANOMA,9
119,3DPrinting,9
30,ArtofScience,9
400,science,9
136,Travel,9
456,arctic,9
279,MyHealthRecord,9
311,Research,8
231,HealthAdvocatePodcast,8
391,futurechangemaker,8
191,WHRN18,8
358,biosecurity,8
29,medicalresearchworks,8
580,VYT2018,8
368,STEM,8
365,LaTrobe,8
415,sportscardiology,7
558,inspirational,7
107,interdisciplinary,7
413,wespeechies,7
42,technology,7
401,Sciart,7
47,MVP,7
19,ArtOfScience,7
336,change,7
177,SoutheastAsia,7
684,grantseeking,6
111,natives,6
120,MedEd,6
637,GPCR,6
216,eAssessment,6
611,biotech,6
165,drugs,6
166,ADifferentLens,6
255,UTS,6
556,nonprofit,6
753,ACPNS,6
337,Autism,6
55,depression,6
69,SAHMRI,6
70,Adelaide,6
332,grant,6
352,IHBIinspires2018,6
283,dementia,6
27,Melbourne,5
369,Latrobe,5
373,gippsnews,5
142,HigherEd,5
102,UnimelbPursuit,5
0,Fellowship,5
530,nmp,5
271,space,5
59,City2Surf,5
229,diabetes,5
659,midwifery,5
486,FASD,4
503,cat,4
228,Rstats,4
378,stickinsects,4
220,Queensland,4
385,climatechange,4
485,medicine,4
153,collaboration,4
213,UniSAOpenDay,4
309,postdocjobsaus,4
128,optometrist,4
816,viaFAC,4
206,UniSA3MT,4
524,utas,4
201,mental,4
23,artofscience,4
22,LISH18,4
578,collaborators,4
188,openaccess,4
176,Labyrinth,4
5,schistosomiasis,4
649,dog,4
261,APEC2018,4
127,UnimelbHealth,4
117,UniMelb,4
443,climate,4
742,OpenAccess,4
95,BrainMetastases,4
97,Melanoma,4
76,medicalresearch,4
106,pickmyproject,4
108,researchlife,4
412,HealthTech,4
112,academia,4
245,uaopenday,4
243,SAScienceAwards,4
234,Pacific,4
661,Sydney,4
394,NTD,4
238,ABSS2018,4
289,MHR,4
481,anxiety,3
269,WomenInSTEM,3
457,scienceofus,3
345,ihbiinspires2018,3
253,NEG,3
333,energy,3
356,Nursing,3
438,nanoparticle,3
347,IHBI,3
349,ChronicWounds,3
542,Illawarra,3
265,politas,3
389,CNBP,3
264,heatwave,3
322,UniInTheBrewery,3
475,superbugs,3
233,NSVW,3
459,ETP18,3
296,digitalhealth,3
287,Manometry,3
491,RenewableEnergy,3
494,nationalscienceweek,3
405,scicomm,3
307,iAccelerate,3
301,sharks,3
386,cancerresearch,3
203,OffshoreWind,3
479,SciComm,3
246,UAOpenDay,3
361,stroke,3
468,medical,3
464,environment,3
429,paste,3
208,nanosciweek,3
169,simulation,3
796,CareerArc,3
781,ectoparasites,3
150,OCHRE,3
147,renewable,3
626,Finland,3
145,NDARCSymposium,3
808,fleas,3
45,nhmrc,3
139,ADFA,3
137,OCD,3
639,antibioticresistance,3
641,pdhlife,3
130,BankingRC,3
54,suicideprevention,3
665,Government,3
618,ASCO18,3
58,Kyabram,3
693,IHBIInspires2018,3
772,indigenoushealth,3
64,CIMIA,3
708,stitch,3
711,Melsm,3
712,SkinCancer,3
88,Nanomedicine,3
719,healthpolicy,3
72,Cut,3
73,CRISPR,3
730,veterinary,3
34,proflexdoyle,3
77,Westmead,3
13,metastasis,3
583,Healthcare,3
590,sustainability,3
178,hdrstudentconf,3
576,lturesearch,3
8,prostatecancer,3
12,breastcancer,3
577,aphasia,3
612,snip,3
168,monashlens,3
346,coral,2
853,MRI,2
348,VirtualReefDiver,2
398,garvanseminar,2
404,artinscience,2
766,Collaboration,2
775,banksy,2
854,hcsm,2
769,Skcsm,2
818,product,2
765,leader,2
392,AtoZQldScience,2
751,staff,2
750,StudentEquity,2
414,SPRF,2
856,RadOnc,2
858,OncoRad,2
748,encryption,2
419,livedexperience,2
420,Aboriginal,2
422,lipidomics,2
747,aboriginal,2
410,kidshealth,2
779,disclosure,2
820,resilience,2
835,medtech,2
363,LTU3MT,2
364,StudyInAustralia,2
821,destination,2
817,generalpractice,2
366,Vietnam,2
809,QPEN,2
357,EOL,2
829,wildoz,2
832,primarycare,2
801,agility,2
800,mentor,2
432,HonestGoodness,2
390,Disability,2
370,hiring,2
354,surgery,2
841,Brisbane,2
371,job,2
794,QUTBusiness,2
350,traditional,2
793,startup,2
783,Regional,2
842,uow,2
782,MootAU18,2
850,DiseaseMonitoring,2
567,bleaching,2
450,Bangladesh,2
434,bioethics,2
596,osteoporosis,2
487,mining,2
488,design,2
631,Canberra,2
492,UrbanUniversity,2
493,neuroscience,2
624,HTA,2
506,LabSpec,2
623,GATE,2
508,StLucia,2
510,Meningococcal,2
515,crossdisciplinary,2
617,ausmedicine,2
607,ALM4,2
604,healthcare,2
595,futureofhealth,2
745,mhealth,2
526,CBGL,2
593,CommDis,2
531,Impedance,2
535,treatment,2
537,epharma,2
543,conference,2
549,waronmaths,2
551,Policy,2
340,Australian,2
579,LTUsuaw,2
553,alumni,2
572,3D,2
561,scholarship,2
562,ESPEN2018,2
632,education,2
634,graffiti,2
484,TallPoppy,2
483,Unlimited,2
737,IR,2
734,WomenInSTEMM,2
441,ausinnovation,2
732,Moodle,2
446,UoMWiki,2
722,oakleigh,2
447,AcademicLife,2
448,school,2
564,TLCitycat,2
451,precisionmedicine,2
453,LargeBrownSpittingCobra,2
716,healtheconomics,2
705,policy,2
698,finance,2
460,gender,2
463,highered,2
695,citizenscience,2
690,GreatBarrierReef,2
682,student,2
678,madrid,2
673,ehealth,2
477,Quantum,2
664,healthscience,2
478,agedcare,2
657,Engineering,2
656,AcaWriter,2
644,merger,2
642,minerals,2
482,healthlaw,2
342,TLAlert,2
431,foodallergy,2
339,malnutrition,2
113,OA,2
104,NoFrills2018,2
204,TownGownZA,2
212,Medical,2
91,LahiruRussell,2
87,prostate_cancer,2
86,MultipleSclerosis,2
223,MaterResearch,2
84,westmead,2
232,Zika,2
236,MeningococcalB,2
75,ICYMI,2
74,DNA,2
251,homelessness,2
256,WorkIntegratedLearning,2
260,LetsOutsmartCancer,2
262,Parkinsons,2
65,OneInFive,2
268,movemore,2
63,TeamCentenary,2
61,lipid,2
52,cardiovascular,2
281,OpenDays,2
48,postgraduate,2
105,Myer,2
114,teachers,2
37,BigData,2
115,linguistics,2
151,SpaceEthics,2
157,SafeScript,2
148,VR,2
161,politicsoflistening,2
134,supercomputer,2
173,researchers,2
175,AI,2
129,KingCobra,2
126,DarthVader,2
124,disability,2
123,genomics,2
122,assistiveproducts,2
183,diabetics,2
184,STEMM,2
118,laboratory,2
185,masters,2
186,Western,2
187,soar,2
189,usydopenday,2
193,JORC,2
116,CTN18,2
194,UWA,2
195,apartment,2
40,AdolescentHealth,2
241,cells,2
15,bonebiology,2
31,hope,2
14,helium,2
305,JMP,2
28,SciArt,2
20,SixIncredibleThingsBeforeBreakfast,2
7,Crispr,2
335,marketing,2
32,preterm,2
299,moderatedrinking,2
674,judging,1
812,IT,1
675,HunterBiz,1
16,Genetics,1
840,cannabis,1
677,ACSNSW,1
839,AugmentedReality,1
679,Academia,1
676,nswpol,1
843,entrepreneur,1
672,amsi,1
681,aussie,1
671,womeninscience,1
670,healthsecurity,1
669,Dysphagia,1
844,WeAreIHBI,1
845,agriculture,1
668,SnackIntake,1
846,Biomarkers,1
667,ageing,1
680,surveillance,1
837,Metastasis,1
838,TargetedTherapy,1
697,biology,1
92,antibody,1
707,adolescence,1
706,Inflammation,1
96,imaging,1
704,HealthcareIT,1
703,cxozetaris,1
702,kidsfirst,1
701,aussieED,1
700,Apoptotic,1
699,cleantech,1
98,Eye,1
696,futurecolleagues,1
666,healthequity,1
101,ClimateChangeIsReal,1
694,assisteddying,1
103,LEW2018,1
692,future,1
691,IHBIAdvances,1
689,RiskAssessment,1
688,women,1
687,holiday,1
686,WomenandCJS,1
685,DistinguishedVisitorLecture,1
836,cfDNA,1
847,CancerImaging,1
121,metoo,1
848,Immunotherapy,1
849,Imaging,1
135,ComputerScience,1
638,CHANGEIT,1
138,agricultural,1
636,Nurses,1
635,pracademic,1
140,OnlineHarassment,1
633,keynote,1
141,cyber,1
143,DefendCordillera,1
630,ebm,1
629,R,1
628,China,1
627,cyberstorm,1
146,datajustice,1
859,Nivolumab,1
149,ortho,1
860,CaMolDx,1
861,CheckpointInhibitors,1
622,students,1
621,AnUncommonHistory,1
620,lockoutlockheed,1
619,BrainMetastasis,1
152,DrugTrends,1
640,expliciteducators,1
4,ekka2018,1
133,biosensor,1
653,pollution,1
709,prevention,1
663,CitizenScience,1
851,ImmunoOnc,1
11,CancerResearch,1
660,telecommunication,1
10,GarvanSeminar,1
658,UTSInternationalStudies,1
9,ProstateCancer,1
655,palliativecare,1
654,Irrigation,1
652,volunteering,1
643,gulfmc,1
651,MND,1
6,pancreaticcancer,1
857,Ipilimumab,1
650,qldscience,1
131,AustraliaAwards,1
648,immunoprecipitation,1
647,regenerative_medicine,1
646,knowledge,1
645,PhDchat,1
132,westpacscholar,1
834,STEMis4me,1
90,Professor,1
710,cancertherapy,1
773,University,1
784,engineering,1
51,hypertension,1
35,MCCRSA,1
56,PreventionHub,1
780,natsciwk,1
57,Brrosies,1
778,arthritis,1
777,MonashOpenDay,1
776,stories,1
60,COYS,1
774,mentalist,1
771,corneas,1
833,entrepreneurship,1
770,SKCSM,1
819,futureinhealth,1
768,Venetoclax,1
767,clinicaltrials,1
66,ice,1
764,honours,1
763,Fedsquare,1
762,ESG,1
761,thefutureisbright,1
760,Hiring,1
822,BTSM,1
785,Anandamide,1
786,worldleaders,1
787,Biomimetics,1
788,GastroesophagealReflux,1
810,Low,1
813,alliedhealth,1
38,GCI_MACH,1
807,PTSD,1
806,ChangeIt,1
805,commute,1
804,igers,1
803,PM,1
39,GenV,1
814,TerimaKasih,1
43,adolescent,1
799,MSc,1
798,multidisciplinary,1
797,Jobs,1
46,binfjobs,1
795,Robotics,1
815,MechanicalEngineering,1
50,Careers,1
36,children,1
792,oldgovernmenthouse,1
791,regulation,1
790,ruralhealth,1
789,koala,1
759,Job,1
758,allkindsofclever,1
757,pallcare,1
733,environmentnews,1
828,ticks,1
83,OvarianCancer,1
731,Alzheimers,1
25,Antiproliferative,1
729,future_therapies,1
728,UofA,1
830,hospitality,1
727,offshore,1
726,sleep,1
725,educators,1
724,ParkvilleOpenDay,1
723,life,1
85,ewingsarcoma,1
721,speaker,1
720,AustralianMedicalCouncil,1
831,HappyWeekend,1
718,fellowships,1
24,JLRGIVES5,1
89,NETcancer,1
715,MyAsialink,1
714,booksnotbombs,1
713,corneal,1
811,LowSES,1
827,nursingreview,1
82,herpes,1
756,socialrobots,1
735,tourism,1
755,respiratory,1
823,CaxTx,1
754,AUSpol,1
67,Xmen,1
26,IMNIS,1
752,DRIVING,1
68,venom,1
71,ROSAResearch,1
749,qutvenuecollection,1
825,instagood,1
826,3Dprinted,1
746,auslaw,1
78,60mins,1
744,chlamydia,1
743,Pediatrics,1
80,ovariancancer,1
741,EsophagogastricJunction,1
740,CovertControl,1
739,Biocompatibility,1
738,PHN,1
81,researchassistant,1
736,discrimination,1
616,cancerous,1
154,intellectualdisability,1
601,bloodvessels,1
615,mindfullness,1
436,obesity,1
272,yts2018,1
433,ECRchat,1
273,Dementia,1
1,MosquitoDay,1
430,geneediting,1
275,healthboxstories,1
428,Science4Seniors,1
427,epilepsy,1
426,TEDxMelbourne,1
425,crystalMeth,1
424,researcher,1
423,cheers,1
276,NHS,1
421,canberra,1
277,NCDs,1
278,utasopenday2018,1
418,ImpactReport,1
417,ScienceCareer,1
416,equity,1
280,springst,1
282,FeedingStyle,1
284,Esophagus,1
411,melbourne,1
285,Flinders,1
409,bodyimage,1
408,passion,1
407,medicalreaearch,1
435,BRAF,1
437,HSV,1
286,ASIO,1
270,PlasticPollution,1
470,WomenInSurgery,1
469,rapport,1
247,EndOfLife,1
467,hackathon,1
466,Aboriginalaffairs,1
465,datavis,1
248,AHMS,1
249,SAscienceAwards,1
462,International,1
461,wargaming,1
250,sdoh,1
458,cfconf2018,1
254,ResearchAction18,1
455,brain,1
454,earlycareer,1
257,UTSFASS,1
258,engagedscholarship,1
259,Refugees,1
449,physiology,1
263,UTSOpenDay,1
266,Tasmania,1
445,foodsecurity,1
444,disarmunis,1
267,grad,1
442,melanoma,1
440,immune,1
439,SoNM,1
406,NationalScienceWeek,1
288,Rumination,1
244,ResearchTuesdays,1
372,SPWeek,1
306,WeAreWestminster,1
308,MonsantoLies,1
310,UOWInnov18,1
312,fire,1
313,researchtranslation,1
314,TitanKrios,1
315,OZ,1
316,CSPempowers,1
317,UOWTV,1
360,fairfundingnow,1
318,StopAVN,1
319,AfternoonTeaWeek,1
320,GreyNomads,1
321,MentalHealth,1
355,HealthGuru,1
324,ISDS,1
353,gamification,1
325,privacy,1
351,physical,1
326,cocktails,1
327,IP,1
330,ARCNetworkMessage,1
331,roadsafety,1
334,LLTT,1
344,CSG,1
343,QUTOAA,1
338,QUTGivingDay,1
304,Tamworth,1
303,worldneedsnew,1
403,Antiangiogenic,1
374,Bendigo,1
402,LSFM18,1
290,familieshelpingfamilies,1
291,GPTEC2018,1
399,sciencecommunication,1
292,cbrn,1
397,scifri,1
396,DreamLab,1
395,BoneHealth,1
293,microbiology,1
393,malaria,1
294,ZionsBanker,1
295,Mobile,1
297,myhealthrecord,1
298,ScienceOfUs,1
388,NorthernLine,1
387,ECEC,1
300,collaborative,1
384,bankingRC,1
383,river,1
382,mqopenday2018,1
381,humerus,1
380,impact,1
379,HDR,1
302,UniversityPartner,1
377,musicscience,1
376,mentalhealth,1
375,latrobeuni,1
471,triplepill,1
473,IGA,1
614,liver,1
582,urgentcare,1
170,gradcert,1
172,endTB,1
179,alliedhealthcare,1
575,qldpol,1
574,VAD,1
573,Midwifery,1
180,rPATD,1
571,RealHealthMatters,1
570,HEALTHCAM2018,1
569,MBSReview,1
568,healthy,1
181,backpain,1
566,PublicHealth,1
565,Entrepreneurs,1
182,GPUs,1
563,travellers,1
560,burns,1
559,domesticviolence,1
557,environmental,1
555,ConnectedVehicles,1
552,trade,1
192,Heidegger,1
550,lamington,1
548,infosec,1
547,socialJ,1
546,Magazine,1
545,Leadership,1
167,evidencebasedpractise,1
164,PalliativeCare,1
541,peerobservation,1
584,communicationaccess,1
613,genomeediting,1
155,Great,1
156,whendidigetold,1
610,DravetSyndrome,1
609,addiction,1
608,cardiovasculardisease,1
606,T1D,1
605,zetaris,1
158,RTPM,1
603,learning,1
602,puberty,1
341,ultrasound,1
600,sciart,1
599,Antimetastatic,1
598,mediapitch,1
597,bioinformatician,1
159,reducebloodpressure,1
160,IDMHRT18,1
594,mosquitocontrol,1
592,OpenDay,1
591,ozearlyed,1
162,KeralaFloods,1
589,banking,1
588,wetland,1
587,Mqopenday,1
586,sydneysciencefestival,1
585,WINNews6pm,1
544,visualart,1
540,productivity,1
474,MonashLens,1
507,placementlearning,1
505,Eureka18,1
504,dinosaurs,1
215,Mentalhealth,1
502,westernblot,1
501,Entrepreneurship,1
500,software,1
499,pathology,1
498,wounds,1
497,information,1
496,universitysa,1
495,VRed,1
217,PLM,1
218,Funding,1
219,antibodies,1
221,SCRAMJET,1
490,PHST2018,1
489,FreeSpeechForAll,1
224,Antarctica,1
225,Rockhampton,1
226,Type1Diabetes,1
227,ataxias,1
230,iron,1
480,deprescribing,1
237,foodinnovation,1
239,ICID2018,1
476,lifelonglearning,1
242,stormwater,1
214,modify18,1
509,pfas,1
539,WhyWomenDrink,1
211,skin,1
538,adelaide,1
196,sueellerywhohasblocked,1
536,internationalimpact,1
198,snowflakes,1
534,HRIM,1
533,OzHist,1
532,unpaywall,1
199,Fracking,1
200,Indonesia,1
529,Children,1
528,bones,1
527,primaryhealthcare,1
202,alcoholawareness,1
525,Lecturer,1
523,Birdwatching,1
522,CycleToWorkDay,1
521,FOBITas,1
205,Disgrace,1
519,boxing,1
207,clinical,1
517,regional,1
516,placedbasedmethodologies,1
209,ConversationEDU,1
514,Endoflifecare,1
210,university,1
512,Sustainable,1
511,feedingaus,1
862,S100,1
